{
    "plugins": [
        "mobi.monaca.plugins.Monaca"
    ],
    "framework_version": "3.5",
    "xcode_version": "6",
    "cordova_version": "5.2",
    "plugin_settings": [],
    "external_plugins": [
        "cordova-plugin-whitelist@1.0.0",
        "cordova-plugin-splashscreen@2.1.0"
    ],
    "title-ja": "AdGenerationSample",
    "title-en": "",
    "description-ja": "AdGenerationの広告を表示するサンプルになります。",
    "description-en": "",
    "category": "User Template",
    "platform": [
        "android",
        "ios"
    ],
    "name": "generated-1471415203-57906e72fd1734da3d9b4fdf"
}