{
    "plugins": [
        "mobi.monaca.plugins.Monaca@3.0.0"
    ],
    "framework_version": "3.5",
    "xcode_version": "7",
    "cordova_version": "6.2",
    "plugin_settings": {
        "cordova-plugin-crosswalk-webview": {
            "variables": [
                "XWALK_VERSION=18.48.477.13"
            ]
        }
    },
    "external_plugins": [
        "cordova-plugin-whitelist@1.2.2",
        "cordova-plugin-splashscreen@3.2.2",
        "cordova-custom-config@2.0.3",
        "cordova-plugin-inappbrowser@1.4.0"
    ],
    "title-ja": "AdGenerationSample",
    "title-en": "",
    "description-ja": "",
    "description-en": "",
    "category": "User Template",
    "platform": [
        "android",
        "ios"
    ],
    "name": "generated-1481101991-57906e72fd1734da3d9b4fdf"
}